<metadata xml:lang="en"><Esri><MetaID>{2DBD4EBD-2548-4CE1-90C9-50D6E726D91E}</MetaID><CreaDate>20090721</CreaDate><CreaTime>13591200</CreaTime><SyncOnce>FALSE</SyncOnce><SyncDate>20220316</SyncDate><SyncTime>10471100</SyncTime><ModDate>20220316</ModDate><ModTime>10471100</ModTime><DataProperties><itemProps><itemName Sync="TRUE">Pollard_Matched_CUs</itemName><imsContentType Sync="TRUE">002</imsContentType><itemLocation><linkage Sync="TRUE">file://\\PSF-LAP31\C$\Users\rdrennan\Dropbox (Salmon Watersheds)\X Drive\1_PROJECTS\1_Active\Steelhead\Data &amp; Analysis\CUs\Pollard_Jan2022\Pollard_Matched_CUs.shp</linkage><protocol Sync="TRUE">Local Area Network</protocol></itemLocation><nativeExtBox><westBL Sync="TRUE">273314.806000</westBL><eastBL Sync="TRUE">1870651.743000</eastBL><southBL Sync="TRUE">367780.717000</southBL><northBL Sync="TRUE">1735770.908000</northBL><exTypeCode Sync="TRUE">1</exTypeCode></nativeExtBox><itemSize Sync="TRUE">0.000</itemSize></itemProps><coordRef><type Sync="TRUE">Projected</type><geogcsn Sync="TRUE">GCS_North_American_1983</geogcsn><csUnits Sync="TRUE">Linear Unit: Meter (1.000000)</csUnits><projcsn Sync="TRUE">NAD_1983_Albers</projcsn><peXml Sync="TRUE">&lt;ProjectedCoordinateSystem xsi:type='typens:ProjectedCoordinateSystem' xmlns:xsi='http://www.w3.org/2001/XMLSchema-instance' xmlns:xs='http://www.w3.org/2001/XMLSchema' xmlns:typens='http://www.esri.com/schemas/ArcGIS/2.9.0'&gt;&lt;WKT&gt;PROJCS[&amp;quot;NAD_1983_Albers&amp;quot;,GEOGCS[&amp;quot;GCS_North_American_1983&amp;quot;,DATUM[&amp;quot;D_North_American_1983&amp;quot;,SPHEROID[&amp;quot;GRS_1980&amp;quot;,6378137.0,298.257222101]],PRIMEM[&amp;quot;Greenwich&amp;quot;,0.0],UNIT[&amp;quot;Degree&amp;quot;,0.0174532925199433]],PROJECTION[&amp;quot;Albers&amp;quot;],PARAMETER[&amp;quot;False_Easting&amp;quot;,1000000.0],PARAMETER[&amp;quot;False_Northing&amp;quot;,0.0],PARAMETER[&amp;quot;Central_Meridian&amp;quot;,-126.0],PARAMETER[&amp;quot;Standard_Parallel_1&amp;quot;,50.0],PARAMETER[&amp;quot;Standard_Parallel_2&amp;quot;,58.5],PARAMETER[&amp;quot;Latitude_Of_Origin&amp;quot;,45.0],UNIT[&amp;quot;Meter&amp;quot;,1.0]]&lt;/WKT&gt;&lt;XOrigin&gt;-13239300&lt;/XOrigin&gt;&lt;YOrigin&gt;-8610100&lt;/YOrigin&gt;&lt;XYScale&gt;316279566.22660488&lt;/XYScale&gt;&lt;ZOrigin&gt;-100000&lt;/ZOrigin&gt;&lt;ZScale&gt;10000&lt;/ZScale&gt;&lt;MOrigin&gt;-100000&lt;/MOrigin&gt;&lt;MScale&gt;10000&lt;/MScale&gt;&lt;XYTolerance&gt;0.001&lt;/XYTolerance&gt;&lt;ZTolerance&gt;0.001&lt;/ZTolerance&gt;&lt;MTolerance&gt;0.001&lt;/MTolerance&gt;&lt;HighPrecision&gt;true&lt;/HighPrecision&gt;&lt;/ProjectedCoordinateSystem&gt;</peXml></coordRef><lineage><Process ToolSource="E:\sw_nt\arcgis\Desktop10.0\ArcToolbox\Toolboxes\Data Management Tools.tbx\CopyFeatures" Date="20120418" Time="133225">CopyFeatures "Database Connections\BCGW.sde\WHSE_BASEMAPPING.FWA_ASSESSMENT_WATERSHEDS_POLY" W:\ilmb\vic\geobc\FWA\Operational_Data\FWA_BC.gdb\FWA_ASSESSMENT_WATERSHEDS_POLY # 0 0 0</Process><Process ToolSource="e:\sw_nt\arcgis\desktop10.2\ArcToolbox\Toolboxes\Data Management Tools.tbx\DeleteFeatures" Date="20151008" Time="133133">DeleteFeatures FWA_ASSESSMENT_WATERSHEDS_POLY</Process><Process ToolSource="e:\sw_nt\arcgis\desktop10.2\ArcToolbox\Toolboxes\Data Management Tools.tbx\Append" Date="20151008" Time="133203">Append ASSESSMENT_WASTERSHEDS_POLY FWA_ASSESSMENT_WATERSHEDS_POLY NO_TEST "WATERSHED_FEATURE_ID "WATERSHED_FEATURE_ID" true false false 8 Double 0 0 ,First,#,ASSESSMENT_WASTERSHEDS_POLY,WATERSHED_FEATURE_ID,-1,-1;WATERSHED_GROUP_ID "WATERSHED_GROUP_ID" true false false 8 Double 0 0 ,First,#,ASSESSMENT_WASTERSHEDS_POLY,WATERSHED_GROUP_ID,-1,-1;WATERSHED_TYPE "WATERSHED_TYPE" true true false 1 Text 0 0 ,First,#,ASSESSMENT_WASTERSHEDS_POLY,WATERSHED_TYPE,-1,-1;GNIS_ID_1 "GNIS_ID_1" true true false 4 Long 0 0 ,First,#,ASSESSMENT_WASTERSHEDS_POLY,GNIS_ID_1,-1,-1;GNIS_NAME_1 "GNIS_NAME_1" true true false 80 Text 0 0 ,First,#,ASSESSMENT_WASTERSHEDS_POLY,GNIS_NAME_1,-1,-1;GNIS_ID_2 "GNIS_ID_2" true true false 4 Long 0 0 ,First,#,ASSESSMENT_WASTERSHEDS_POLY,GNIS_ID_2,-1,-1;GNIS_NAME_2 "GNIS_NAME_2" true true false 80 Text 0 0 ,First,#,ASSESSMENT_WASTERSHEDS_POLY,GNIS_NAME_2,-1,-1;GNIS_ID_3 "GNIS_ID_3" true true false 4 Long 0 0 ,First,#,ASSESSMENT_WASTERSHEDS_POLY,GNIS_ID_3,-1,-1;GNIS_NAME_3 "GNIS_NAME_3" true true false 80 Text 0 0 ,First,#,ASSESSMENT_WASTERSHEDS_POLY,GNIS_NAME_3,-1,-1;WATERBODY_ID "WATERBODY_ID" true true false 4 Long 0 0 ,First,#,ASSESSMENT_WASTERSHEDS_POLY,WATERBODY_ID,-1,-1;WATERBODY_KEY "WATERBODY_KEY" true true false 4 Long 0 0 ,First,#,ASSESSMENT_WASTERSHEDS_POLY,WATERBODY_KEY,-1,-1;WATERSHED_KEY "WATERSHED_KEY" true false false 4 Long 0 0 ,First,#,ASSESSMENT_WASTERSHEDS_POLY,WATERSHED_KEY,-1,-1;FWA_WATERSHED_CODE "FWA_WATERSHED_CODE" true false false 143 Text 0 0 ,First,#,ASSESSMENT_WASTERSHEDS_POLY,FWA_WATERSHED_CODE,-1,-1;LOCAL_WATERSHED_CODE "LOCAL_WATERSHED_CODE" true true false 143 Text 0 0 ,First,#,ASSESSMENT_WASTERSHEDS_POLY,LOCAL_WATERSHED_CODE,-1,-1;WATERSHED_GROUP_CODE "WATERSHED_GROUP_CODE" true false false 4 Text 0 0 ,First,#,ASSESSMENT_WASTERSHEDS_POLY,WATERSHED_GROUP_CODE,-1,-1;LEFT_RIGHT_TRIBUTARY "LEFT_RIGHT_TRIBUTARY" true true false 7 Text 0 0 ,First,#,ASSESSMENT_WASTERSHEDS_POLY,LEFT_RIGHT_TRIBUTARY,-1,-1;WATERSHED_ORDER "WATERSHED_ORDER" true false false 4 Long 0 0 ,First,#,ASSESSMENT_WASTERSHEDS_POLY,WATERSHED_ORDER,-1,-1;WATERSHED_MAGNITUDE "WATERSHED_MAGNITUDE" true false false 4 Long 0 0 ,First,#,ASSESSMENT_WASTERSHEDS_POLY,WATERSHED_MAGNITUDE,-1,-1;LOCAL_WATERSHED_ORDER "LOCAL_WATERSHED_ORDER" true true false 4 Long 0 0 ,First,#,ASSESSMENT_WASTERSHEDS_POLY,LOCAL_WATERSHED_ORDER,-1,-1;LOCAL_WATERSHED_MAGNITUDE "LOCAL_WATERSHED_MAGNITUDE" true true false 4 Long 0 0 ,First,#,ASSESSMENT_WASTERSHEDS_POLY,LOCAL_WATERSHED_MAGNITUDE,-1,-1;AREA_HA "AREA_HA" true false false 8 Double 0 0 ,First,#,ASSESSMENT_WASTERSHEDS_POLY,AREA_HA,-1,-1;FEATURE_CODE "FEATURE_CODE" true false false 10 Text 0 0 ,First,#,ASSESSMENT_WASTERSHEDS_POLY,FEATURE_CODE,-1,-1;GEOMETRY_Length "GEOMETRY_Length" false true true 8 Double 0 0 ,First,#,ASSESSMENT_WASTERSHEDS_POLY,GEOMETRY_Length,-1,-1;GEOMETRY_Area "GEOMETRY_Area" false true true 8 Double 0 0 ,First,#,ASSESSMENT_WASTERSHEDS_POLY,GEOMETRY_Area,-1,-1" #</Process><Process ToolSource="c:\program files (x86)\arcgis\desktop10.8\ArcToolbox\Toolboxes\Data Management Tools.tbx\CalculateField" Date="20210612" Time="181714">CalculateField TBFj MAZ "TBFj" VB #</Process><Process ToolSource="c:\program files (x86)\arcgis\desktop10.8\ArcToolbox\Toolboxes\Data Management Tools.tbx\CalculateField" Date="20210612" Time="181730">CalculateField AKCst MAZ "AKCst" VB #</Process><Process ToolSource="c:\program files (x86)\arcgis\desktop10.8\ArcToolbox\Toolboxes\Data Management Tools.tbx\CalculateField" Date="20210612" Time="181807">CalculateField Ber MAZ "Ber" VB #</Process><Process ToolSource="c:\program files (x86)\arcgis\desktop10.8\ArcToolbox\Toolboxes\Data Management Tools.tbx\CalculateField" Date="20210612" Time="181828">CalculateField SFj MAZ "SFj" VB #</Process><Process ToolSource="c:\program files (x86)\arcgis\desktop10.8\ArcToolbox\Toolboxes\Data Management Tools.tbx\CalculateField" Date="20210612" Time="181846">CalculateField GStr MAZ "GStr" VB #</Process><Process ToolSource="c:\program files (x86)\arcgis\desktop10.8\ArcToolbox\Toolboxes\Data Management Tools.tbx\CalculateField" Date="20210612" Time="181903">CalculateField WVI MAZ "WVI" VB #</Process><Process ToolSource="c:\program files (x86)\arcgis\desktop10.8\ArcToolbox\Toolboxes\Data Management Tools.tbx\CalculateField" Date="20210612" Time="181919">CalculateField WQCI MAZ "WQCI" VB #</Process><Process ToolSource="c:\program files (x86)\arcgis\desktop10.8\ArcToolbox\Toolboxes\Data Management Tools.tbx\CalculateField" Date="20210612" Time="181936">CalculateField SFj MAZ "SFj" VB #</Process><Process ToolSource="c:\program files (x86)\arcgis\desktop10.8\ArcToolbox\Toolboxes\Data Management Tools.tbx\CalculateField" Date="20210612" Time="181951">CalculateField HStr MAZ "HStr" VB #</Process><Process ToolSource="c:\program files (x86)\arcgis\desktop10.8\ArcToolbox\Toolboxes\Data Management Tools.tbx\CalculateField" Date="20210612" Time="182057">CalculateField HStr MAZ "HStr" VB #</Process><Process ToolSource="c:\program files (x86)\arcgis\desktop10.8\ArcToolbox\Toolboxes\Data Management Tools.tbx\CalculateField" Date="20210612" Time="182115">CalculateField WQCI MAZ "WQCI" VB #</Process><Process ToolSource="c:\program files (x86)\arcgis\desktop10.8\ArcToolbox\Toolboxes\Data Management Tools.tbx\CalculateField" Date="20210612" Time="182132">CalculateField NQCI MAZ "NQCI" VB #</Process><Process ToolSource="c:\program files (x86)\arcgis\desktop10.8\ArcToolbox\Toolboxes\Data Management Tools.tbx\CalculateField" Date="20210613" Time="151030">CalculateField FWA_ASSESSMENT_WATERSHEDS_POLY MAZ SFj VB #</Process><Process ToolSource="c:\program files (x86)\arcgis\desktop10.8\ArcToolbox\Toolboxes\Data Management Tools.tbx\CalculateField" Date="20210613" Time="151042">CalculateField FWA_ASSESSMENT_WATERSHEDS_POLY MAZ "SFj" VB #</Process><Process ToolSource="c:\program files\arcgis\pro\Resources\ArcToolbox\toolboxes\Analysis Tools.tbx\Clip" Date="20220315" Time="111553">Clip FWA_ASSESSMENT_WATERSHEDS_POLY AllPollardX "C:\Users\rdrennan\Documents\ArcGIS\Projects\Internal SARA Steel TB Mapper\Internal SARA Steel TB Mapper.gdb\Pollard_only_FWA_wtrshds" #</Process><Process ToolSource="c:\program files\arcgis\pro\Resources\ArcToolbox\toolboxes\Analysis Tools.tbx\Clip" Date="20220315" Time="111848">Clip Pollard_only_FWA_wtrshds SkeenaRiver_Pollard "C:\Users\rdrennan\Documents\ArcGIS\Projects\Internal SARA Steel TB Mapper\Internal SARA Steel TB Mapper.gdb\Pollard_skeena_clip_FWA" #</Process><Process ToolSource="c:\program files\arcgis\pro\Resources\ArcToolbox\toolboxes\Data Management Tools.tbx\UpdateSchema" Date="20220315" Time="112231">UpdateSchema "CIMDATA=&lt;CIMStandardDataConnection xsi:type='typens:CIMStandardDataConnection' xmlns:xsi='http://www.w3.org/2001/XMLSchema-instance' xmlns:xs='http://www.w3.org/2001/XMLSchema' xmlns:typens='http://www.esri.com/schemas/ArcGIS/2.9.0'&gt;&lt;WorkspaceConnectionString&gt;DATABASE=C:\Users\rdrennan\Documents\ArcGIS\Projects\Internal SARA Steel TB Mapper\Internal SARA Steel TB Mapper.gdb&lt;/WorkspaceConnectionString&gt;&lt;WorkspaceFactory&gt;FileGDB&lt;/WorkspaceFactory&gt;&lt;Dataset&gt;Pollard_skeena_clip_FWA&lt;/Dataset&gt;&lt;DatasetType&gt;esriDTFeatureClass&lt;/DatasetType&gt;&lt;/CIMStandardDataConnection&gt;" &lt;operationSequence&gt;&lt;workflow&gt;&lt;AddField&gt;&lt;field_name&gt;CU_Matched&lt;/field_name&gt;&lt;field_type&gt;TEXT&lt;/field_type&gt;&lt;field_length&gt;255&lt;/field_length&gt;&lt;field_alias&gt;CU_Matched&lt;/field_alias&gt;&lt;field_is_nullable&gt;True&lt;/field_is_nullable&gt;&lt;field_is_required&gt;False&lt;/field_is_required&gt;&lt;/AddField&gt;&lt;/workflow&gt;&lt;/operationSequence&gt;</Process><Process ToolSource="c:\program files\arcgis\pro\Resources\ArcToolbox\toolboxes\Data Management Tools.tbx\CalculateField" Date="20220315" Time="112256">CalculateField Pollard_skeena_clip_FWA CU_Matched "Upper Skeena Headwaters" "Python 3" # Text NO_ENFORCE_DOMAINS</Process><Process ToolSource="c:\program files\arcgis\pro\Resources\ArcToolbox\toolboxes\Data Management Tools.tbx\CalculateField" Date="20220315" Time="112640">CalculateField Pollard_skeena_clip_FWA CU_Matched "Upper Skeena" "Python 3" # Text NO_ENFORCE_DOMAINS</Process><Process ToolSource="c:\program files\arcgis\pro\Resources\ArcToolbox\toolboxes\Data Management Tools.tbx\CalculateField" Date="20220315" Time="113045">CalculateField Pollard_skeena_clip_FWA CU_Matched "Middle Skeena" "Python 3" # Text NO_ENFORCE_DOMAINS</Process><Process ToolSource="c:\program files\arcgis\pro\Resources\ArcToolbox\toolboxes\Data Management Tools.tbx\CalculateField" Date="20220315" Time="114126">CalculateField Pollard_skeena_clip_FWA CU_Matched "Coastal Winter"
 "Python 3" # Text NO_ENFORCE_DOMAINS</Process><Process ToolSource="c:\program files\arcgis\pro\Resources\ArcToolbox\toolboxes\Data Management Tools.tbx\CalculateField" Date="20220315" Time="115232">CalculateField Pollard_skeena_clip_FWA CU_Matched "Coastal Winters"
 "Python 3" # Text NO_ENFORCE_DOMAINS</Process><Process ToolSource="c:\program files\arcgis\pro\Resources\ArcToolbox\toolboxes\Data Management Tools.tbx\CalculateField" Date="20220315" Time="115515">CalculateField Pollard_skeena_clip_FWA CU_Matched "Coastal Summers"
 "Python 3" # Text NO_ENFORCE_DOMAINS</Process><Process ToolSource="c:\program files\arcgis\pro\Resources\ArcToolbox\toolboxes\Data Management Tools.tbx\Merge" Date="20220315" Time="124917">Merge Pollard_skeena_clip_FWA;AllPollardX "C:\Users\rdrennan\Documents\ArcGIS\Projects\Internal SARA Steel TB Mapper\Internal SARA Steel TB Mapper.gdb\AllPollardXX" "WATERSHED_FEATURE_ID "WATERSHED_FEATURE_ID" true false false 8 Double 0 0,First,#,Pollard_skeena_clip_FWA,CU_Matched,0,255;WATERSHED_GROUP_ID "WATERSHED_GROUP_ID" true false false 8 Double 0 0,First,#,Pollard_skeena_clip_FWA,WATERSHED_GROUP_ID,-1,-1;WATERSHED_TYPE "WATERSHED_TYPE" true true false 1 Text 0 0,First,#,Pollard_skeena_clip_FWA,WATERSHED_TYPE,0,1;GNIS_ID_1 "GNIS_ID_1" true true false 4 Long 0 0,First,#,Pollard_skeena_clip_FWA,GNIS_ID_1,-1,-1;GNIS_NAME_1 "GNIS_NAME_1" true true false 80 Text 0 0,First,#,Pollard_skeena_clip_FWA,GNIS_NAME_1,0,80;GNIS_ID_2 "GNIS_ID_2" true true false 4 Long 0 0,First,#,Pollard_skeena_clip_FWA,GNIS_ID_2,-1,-1;GNIS_NAME_2 "GNIS_NAME_2" true true false 80 Text 0 0,First,#,Pollard_skeena_clip_FWA,GNIS_NAME_2,0,80;GNIS_ID_3 "GNIS_ID_3" true true false 4 Long 0 0,First,#,Pollard_skeena_clip_FWA,GNIS_ID_3,-1,-1;GNIS_NAME_3 "GNIS_NAME_3" true true false 80 Text 0 0,First,#,Pollard_skeena_clip_FWA,GNIS_NAME_3,0,80;WATERBODY_ID "WATERBODY_ID" true true false 4 Long 0 0,First,#,Pollard_skeena_clip_FWA,WATERBODY_ID,-1,-1;WATERBODY_KEY "WATERBODY_KEY" true true false 4 Long 0 0,First,#,Pollard_skeena_clip_FWA,WATERBODY_KEY,-1,-1;WATERSHED_KEY "WATERSHED_KEY" true false false 4 Long 0 0,First,#,Pollard_skeena_clip_FWA,WATERSHED_KEY,-1,-1;FWA_WATERSHED_CODE "FWA_WATERSHED_CODE" true false false 143 Text 0 0,First,#,Pollard_skeena_clip_FWA,FWA_WATERSHED_CODE,0,143;LOCAL_WATERSHED_CODE "LOCAL_WATERSHED_CODE" true true false 143 Text 0 0,First,#,Pollard_skeena_clip_FWA,LOCAL_WATERSHED_CODE,0,143;WATERSHED_GROUP_CODE "WATERSHED_GROUP_CODE" true false false 4 Text 0 0,First,#,Pollard_skeena_clip_FWA,WATERSHED_GROUP_CODE,0,4;LEFT_RIGHT_TRIBUTARY "LEFT_RIGHT_TRIBUTARY" true true false 7 Text 0 0,First,#,Pollard_skeena_clip_FWA,LEFT_RIGHT_TRIBUTARY,0,7;WATERSHED_ORDER "WATERSHED_ORDER" true false false 4 Long 0 0,First,#,Pollard_skeena_clip_FWA,WATERSHED_ORDER,-1,-1;WATERSHED_MAGNITUDE "WATERSHED_MAGNITUDE" true false false 4 Long 0 0,First,#,Pollard_skeena_clip_FWA,WATERSHED_MAGNITUDE,-1,-1;LOCAL_WATERSHED_ORDER "LOCAL_WATERSHED_ORDER" true true false 4 Long 0 0,First,#,Pollard_skeena_clip_FWA,LOCAL_WATERSHED_ORDER,-1,-1;LOCAL_WATERSHED_MAGNITUDE "LOCAL_WATERSHED_MAGNITUDE" true true false 4 Long 0 0,First,#,Pollard_skeena_clip_FWA,LOCAL_WATERSHED_MAGNITUDE,-1,-1;AREA_HA "AREA_HA" true false false 8 Double 0 0,First,#,Pollard_skeena_clip_FWA,AREA_HA,-1,-1;FEATURE_CODE "FEATURE_CODE" true false false 10 Text 0 0,First,#,Pollard_skeena_clip_FWA,FEATURE_CODE,0,10;MAZ "MAZ" true true false 5 Text 0 0,First,#,Pollard_skeena_clip_FWA,MAZ,0,5;GEOMETRY_Length "GEOMETRY_Length" false true true 8 Double 0 0,First,#,Pollard_skeena_clip_FWA,GEOMETRY_Length,-1,-1;GEOMETRY_Area "GEOMETRY_Area" false true true 8 Double 0 0,First,#,Pollard_skeena_clip_FWA,GEOMETRY_Area,-1,-1;CU_Matched "CU_Matched" true true false 255 Text 0 0,First,#,Pollard_skeena_clip_FWA,CU_Matched,0,255,AllPollardX,CU_matched,0,255;STOCKNOTRI "STOCKNOTRI" true true false 50 Text 0 0,First,#,AllPollardX,STOCKNOTRI,0,50;COUNT "COUNT" true true false 8 Double 0 0,First,#,AllPollardX,COUNT,-1,-1;SUM_O_AREA "SUM_O_AREA" true true false 8 Double 0 0,First,#,AllPollardX,SUM_O_AREA,-1,-1;MAX_L_ORDE "MAX_L_ORDE" true true false 4 Long 0 0,First,#,AllPollardX,MAX_L_ORDE,-1,-1;FIRST_DRAI "FIRST_DRAI" true true false 50 Text 0 0,First,#,AllPollardX,FIRST_DRAI,0,50;FIRST_SUB_ "FIRST_SUB_" true true false 50 Text 0 0,First,#,AllPollardX,FIRST_SUB_,0,50;FIRST_STAT "FIRST_STAT" true true false 6 Text 0 0,First,#,AllPollardX,FIRST_STAT,0,6;FIRST_SELS "FIRST_SELS" true true false 30 Text 0 0,First,#,AllPollardX,FIRST_SELS,0,30;CU_Match "CU_Match" true true false 255 Text 0 0,First,#,AllPollardX,CU_Match,0,255;Parkinson "Parkinson" true true false 255 Text 0 0,First,#,AllPollardX,Parkinson,0,255;Pollard "Pollard" true true false 255 Text 0 0,First,#,AllPollardX,Pollard,0,255;dissolve_I "dissolve_I" true true false 30 Text 0 0,First,#,AllPollardX,dissolve_I,0,30;Shape_Leng "Shape_Leng" true true false 8 Double 0 0,First,#,AllPollardX,Shape_Leng,-1,-1;GAZ_NAME "GAZ_NAME" true true false 50 Text 0 0,First,#,AllPollardX,GAZ_NAME,0,50;Shape_Length_1 "Shape_Length" true true false 8 Double 0 0,First,#,AllPollardX,Shape_Length_1,-1,-1;Shape_Area_1 "Shape_Area" true true false 8 Double 0 0,First,#,AllPollardX,Shape_Area_1,-1,-1;OBJECTID "OBJECTID" true true false 4 Long 0 0,First,#,AllPollardX,OBJECTID,-1,-1;STOCKNOTRI_1 "STOCKNOTRI" true true false 50 Text 0 0,First,#,AllPollardX,STOCKNOTRI_1,0,50;COUNT_1 "COUNT" true true false 8 Double 0 0,First,#,AllPollardX,COUNT_1,-1,-1;SUM_O_AREA_1 "SUM_O_AREA" true true false 8 Double 0 0,First,#,AllPollardX,SUM_O_AREA_1,-1,-1;MAX_L_ORDE_1 "MAX_L_ORDE" true true false 4 Long 0 0,First,#,AllPollardX,MAX_L_ORDE_1,-1,-1;FIRST_DRAI_1 "FIRST_DRAI" true true false 50 Text 0 0,First,#,AllPollardX,FIRST_DRAI_1,0,50;FIRST_SUB1 "FIRST_SUB_" true true false 50 Text 0 0,First,#,AllPollardX,FIRST_SUB1,0,50;FIRST_STAT_1 "FIRST_STAT" true true false 6 Text 0 0,First,#,AllPollardX,FIRST_STAT_1,0,6;FIRST_SELS_1 "FIRST_SELS" true true false 30 Text 0 0,First,#,AllPollardX,FIRST_SELS_1,0,30;Shape_Length_12 "Shape_Length" true true false 8 Double 0 0,First,#,AllPollardX,Shape_Length_12,-1,-1;Shape_Area_12 "Shape_Area" true true false 8 Double 0 0,First,#,AllPollardX,Shape_Area_12,-1,-1;CU_Match_1 "CU_Match" true true false 255 Text 0 0,First,#,AllPollardX,CU_Match_1,0,255;Parkinson_1 "Parkinson" true true false 255 Text 0 0,First,#,AllPollardX,Parkinson_1,0,255;Pollard_1 "Pollard" true true false 255 Text 0 0,First,#,AllPollardX,Pollard_1,0,255;Shape_Length "Shape_Length" false true true 8 Double 0 0,First,#,AllPollardX,Shape_Length,-1,-1;Shape_Area "Shape_Area" false true true 8 Double 0 0,First,#,AllPollardX,Shape_Area,-1,-1" NO_SOURCE_INFO</Process><Process ToolSource="c:\program files\arcgis\pro\Resources\ArcToolbox\Toolboxes\Data Management Tools.tbx\DeleteField" Date="20220316" Time="103715">DeleteField AllPollardXX WATERSHED_FEATURE_ID "Delete Fields"</Process><Process ToolSource="c:\program files\arcgis\pro\Resources\ArcToolbox\Toolboxes\Data Management Tools.tbx\UpdateSchema" Date="20220316" Time="103922">UpdateSchema "CIMDATA=&lt;CIMStandardDataConnection xsi:type='typens:CIMStandardDataConnection' xmlns:xsi='http://www.w3.org/2001/XMLSchema-instance' xmlns:xs='http://www.w3.org/2001/XMLSchema' xmlns:typens='http://www.esri.com/schemas/ArcGIS/2.9.0'&gt;&lt;WorkspaceConnectionString&gt;DATABASE=C:\Users\rdrennan\Documents\ArcGIS\Projects\Internal SARA Steel TB Mapper\Internal SARA Steel TB Mapper.gdb&lt;/WorkspaceConnectionString&gt;&lt;WorkspaceFactory&gt;FileGDB&lt;/WorkspaceFactory&gt;&lt;Dataset&gt;AllPollardXX&lt;/Dataset&gt;&lt;DatasetType&gt;esriDTFeatureClass&lt;/DatasetType&gt;&lt;/CIMStandardDataConnection&gt;" &lt;operationSequence&gt;&lt;workflow&gt;&lt;DeleteField&gt;&lt;field_name&gt;WATERSHED_GROUP_ID&lt;/field_name&gt;&lt;field_name&gt;WATERSHED_TYPE&lt;/field_name&gt;&lt;field_name&gt;GNIS_ID_1&lt;/field_name&gt;&lt;field_name&gt;GNIS_NAME_1&lt;/field_name&gt;&lt;field_name&gt;GNIS_ID_2&lt;/field_name&gt;&lt;field_name&gt;GNIS_NAME_2&lt;/field_name&gt;&lt;field_name&gt;GNIS_ID_3&lt;/field_name&gt;&lt;field_name&gt;GNIS_NAME_3&lt;/field_name&gt;&lt;field_name&gt;WATERBODY_ID&lt;/field_name&gt;&lt;field_name&gt;WATERBODY_KEY&lt;/field_name&gt;&lt;field_name&gt;WATERSHED_KEY&lt;/field_name&gt;&lt;field_name&gt;FWA_WATERSHED_CODE&lt;/field_name&gt;&lt;field_name&gt;LOCAL_WATERSHED_CODE&lt;/field_name&gt;&lt;field_name&gt;WATERSHED_GROUP_CODE&lt;/field_name&gt;&lt;field_name&gt;LEFT_RIGHT_TRIBUTARY&lt;/field_name&gt;&lt;field_name&gt;WATERSHED_ORDER&lt;/field_name&gt;&lt;field_name&gt;WATERSHED_MAGNITUDE&lt;/field_name&gt;&lt;field_name&gt;LOCAL_WATERSHED_ORDER&lt;/field_name&gt;&lt;field_name&gt;LOCAL_WATERSHED_MAGNITUDE&lt;/field_name&gt;&lt;field_name&gt;AREA_HA&lt;/field_name&gt;&lt;field_name&gt;FEATURE_CODE&lt;/field_name&gt;&lt;field_name&gt;MAZ&lt;/field_name&gt;&lt;field_name&gt;GEOMETRY_Length&lt;/field_name&gt;&lt;field_name&gt;GEOMETRY_Area&lt;/field_name&gt;&lt;field_name&gt;MAX_L_ORDE&lt;/field_name&gt;&lt;field_name&gt;dissolve_I&lt;/field_name&gt;&lt;field_name&gt;Shape_Leng&lt;/field_name&gt;&lt;field_name&gt;GAZ_NAME&lt;/field_name&gt;&lt;field_name&gt;Shape_Length_1&lt;/field_name&gt;&lt;field_name&gt;Shape_Area_1&lt;/field_name&gt;&lt;field_name&gt;OBJECTID&lt;/field_name&gt;&lt;field_name&gt;STOCKNOTRI_1&lt;/field_name&gt;&lt;field_name&gt;COUNT_1&lt;/field_name&gt;&lt;field_name&gt;SUM_O_AREA_1&lt;/field_name&gt;&lt;field_name&gt;MAX_L_ORDE_1&lt;/field_name&gt;&lt;field_name&gt;FIRST_DRAI_1&lt;/field_name&gt;&lt;field_name&gt;FIRST_SUB1&lt;/field_name&gt;&lt;field_name&gt;FIRST_STAT_1&lt;/field_name&gt;&lt;field_name&gt;FIRST_SELS_1&lt;/field_name&gt;&lt;field_name&gt;Shape_Length_12&lt;/field_name&gt;&lt;field_name&gt;Shape_Area_12&lt;/field_name&gt;&lt;field_name&gt;CU_Match_1&lt;/field_name&gt;&lt;field_name&gt;Parkinson_1&lt;/field_name&gt;&lt;field_name&gt;Pollard_1&lt;/field_name&gt;&lt;/DeleteField&gt;&lt;/workflow&gt;&lt;/operationSequence&gt;</Process><Process ToolSource="c:\program files\arcgis\pro\Resources\ArcToolbox\Toolboxes\Data Management Tools.tbx\DeleteField" Date="20220316" Time="104001">DeleteField AllPollardXX Pollard_1 "Delete Fields"</Process><Process ToolSource="c:\program files\arcgis\pro\Resources\ArcToolbox\Toolboxes\Data Management Tools.tbx\DeleteField" Date="20220316" Time="104009">DeleteField AllPollardXX Parkinson "Delete Fields"</Process><Process ToolSource="c:\program files\arcgis\pro\Resources\ArcToolbox\Toolboxes\Data Management Tools.tbx\DeleteField" Date="20220316" Time="104014">DeleteField AllPollardXX CU_Match "Delete Fields"</Process><Process ToolSource="c:\program files\arcgis\pro\Resources\ArcToolbox\Toolboxes\Data Management Tools.tbx\DeleteField" Date="20220316" Time="104021">DeleteField AllPollardXX Pollard "Delete Fields"</Process><Process ToolSource="c:\program files\arcgis\pro\Resources\ArcToolbox\Toolboxes\Data Management Tools.tbx\DeleteField" Date="20220316" Time="104030">DeleteField AllPollardXX Parkinson_1 "Delete Fields"</Process><Process ToolSource="c:\program files\arcgis\pro\Resources\ArcToolbox\Toolboxes\Data Management Tools.tbx\DeleteField" Date="20220316" Time="104036">DeleteField AllPollardXX CU_Match_1 "Delete Fields"</Process><Process ToolSource="c:\program files\arcgis\pro\Resources\ArcToolbox\Toolboxes\Data Management Tools.tbx\DeleteField" Date="20220316" Time="104041">DeleteField AllPollardXX Shape_Length_12 "Delete Fields"</Process><Process ToolSource="c:\program files\arcgis\pro\Resources\ArcToolbox\Toolboxes\Data Management Tools.tbx\DeleteField" Date="20220316" Time="104051">DeleteField AllPollardXX SUM_O_AREA "Delete Fields"</Process><Process ToolSource="c:\program files\arcgis\pro\Resources\ArcToolbox\Toolboxes\Data Management Tools.tbx\DeleteField" Date="20220316" Time="104057">DeleteField AllPollardXX MAX_L_ORDE_1 "Delete Fields"</Process><Process ToolSource="c:\program files\arcgis\pro\Resources\ArcToolbox\Toolboxes\Data Management Tools.tbx\DeleteField" Date="20220316" Time="104102">DeleteField AllPollardXX STOCKNOTRI_1 "Delete Fields"</Process><Process ToolSource="c:\program files\arcgis\pro\Resources\ArcToolbox\Toolboxes\Data Management Tools.tbx\DeleteField" Date="20220316" Time="104108">DeleteField AllPollardXX dissolve_I "Delete Fields"</Process><Process ToolSource="c:\program files\arcgis\pro\Resources\ArcToolbox\Toolboxes\Data Management Tools.tbx\DeleteField" Date="20220316" Time="104118">DeleteField AllPollardXX Shape_Leng "Delete Fields"</Process><Process ToolSource="c:\program files\arcgis\pro\Resources\ArcToolbox\Toolboxes\Data Management Tools.tbx\DeleteField" Date="20220316" Time="104123">DeleteField AllPollardXX MAX_L_ORDE "Delete Fields"</Process><Process ToolSource="c:\program files\arcgis\pro\Resources\ArcToolbox\Toolboxes\Data Management Tools.tbx\DeleteField" Date="20220316" Time="104128">DeleteField AllPollardXX Shape_Area_1 "Delete Fields"</Process><Process ToolSource="c:\program files\arcgis\pro\Resources\ArcToolbox\Toolboxes\Data Management Tools.tbx\DeleteField" Date="20220316" Time="104133">DeleteField AllPollardXX Shape_Length_1 "Delete Fields"</Process><Process ToolSource="c:\program files\arcgis\pro\Resources\ArcToolbox\Toolboxes\Data Management Tools.tbx\DeleteField" Date="20220316" Time="104138">DeleteField AllPollardXX GAZ_NAME "Delete Fields"</Process><Process ToolSource="c:\program files\arcgis\pro\Resources\ArcToolbox\Toolboxes\Data Management Tools.tbx\DeleteField" Date="20220316" Time="104146">DeleteField AllPollardXX OBJECTID "Delete Fields"</Process><Process ToolSource="c:\program files\arcgis\pro\Resources\ArcToolbox\Toolboxes\Data Management Tools.tbx\DeleteField" Date="20220316" Time="104152">DeleteField AllPollardXX COUNT_1 "Delete Fields"</Process><Process ToolSource="c:\program files\arcgis\pro\Resources\ArcToolbox\Toolboxes\Data Management Tools.tbx\DeleteField" Date="20220316" Time="104158">DeleteField AllPollardXX SUM_O_AREA_1 "Delete Fields"</Process><Process ToolSource="c:\program files\arcgis\pro\Resources\ArcToolbox\Toolboxes\Data Management Tools.tbx\DeleteField" Date="20220316" Time="104204">DeleteField AllPollardXX STOCKNOTRI "Delete Fields"</Process><Process ToolSource="c:\program files\arcgis\pro\Resources\ArcToolbox\Toolboxes\Data Management Tools.tbx\DeleteField" Date="20220316" Time="104209">DeleteField AllPollardXX FIRST_DRAI_1 "Delete Fields"</Process><Process ToolSource="c:\program files\arcgis\pro\Resources\ArcToolbox\Toolboxes\Data Management Tools.tbx\DeleteField" Date="20220316" Time="104215">DeleteField AllPollardXX FIRST_SUB1 "Delete Fields"</Process><Process ToolSource="c:\program files\arcgis\pro\Resources\ArcToolbox\Toolboxes\Data Management Tools.tbx\DeleteField" Date="20220316" Time="104221">DeleteField AllPollardXX COUNT "Delete Fields"</Process><Process ToolSource="c:\program files\arcgis\pro\Resources\ArcToolbox\Toolboxes\Data Management Tools.tbx\DeleteField" Date="20220316" Time="104226">DeleteField AllPollardXX FIRST_STAT_1 "Delete Fields"</Process><Process ToolSource="c:\program files\arcgis\pro\Resources\ArcToolbox\Toolboxes\Data Management Tools.tbx\DeleteField" Date="20220316" Time="104230">DeleteField AllPollardXX FIRST_SELS_1 "Delete Fields"</Process><Process ToolSource="c:\program files\arcgis\pro\Resources\ArcToolbox\Toolboxes\Data Management Tools.tbx\DeleteField" Date="20220316" Time="104242">DeleteField AllPollardXX Shape_Area_12 "Delete Fields"</Process><Process ToolSource="c:\program files\arcgis\pro\Resources\ArcToolbox\Toolboxes\Data Management Tools.tbx\DeleteField" Date="20220316" Time="104330">DeleteField AllPollardXX FIRST_SUB_ "Delete Fields"</Process><Process ToolSource="c:\program files\arcgis\pro\Resources\ArcToolbox\Toolboxes\Data Management Tools.tbx\DeleteField" Date="20220316" Time="104337">DeleteField AllPollardXX FIRST_STAT "Delete Fields"</Process><Process ToolSource="c:\program files\arcgis\pro\Resources\ArcToolbox\Toolboxes\Data Management Tools.tbx\DeleteField" Date="20220316" Time="104342">DeleteField AllPollardXX FIRST_DRAI "Delete Fields"</Process><Process ToolSource="c:\program files\arcgis\pro\Resources\ArcToolbox\Toolboxes\Data Management Tools.tbx\DeleteField" Date="20220316" Time="104348">DeleteField AllPollardXX FIRST_SELS "Delete Fields"</Process><Process ToolSource="c:\program files\arcgis\pro\Resources\ArcToolbox\Toolboxes\Data Management Tools.tbx\UpdateSchema" Date="20220316" Time="104413">UpdateSchema "CIMDATA=&lt;CIMStandardDataConnection xsi:type='typens:CIMStandardDataConnection' xmlns:xsi='http://www.w3.org/2001/XMLSchema-instance' xmlns:xs='http://www.w3.org/2001/XMLSchema' xmlns:typens='http://www.esri.com/schemas/ArcGIS/2.9.0'&gt;&lt;WorkspaceConnectionString&gt;DATABASE=C:\Users\rdrennan\Documents\ArcGIS\Projects\Internal SARA Steel TB Mapper\Internal SARA Steel TB Mapper.gdb&lt;/WorkspaceConnectionString&gt;&lt;WorkspaceFactory&gt;FileGDB&lt;/WorkspaceFactory&gt;&lt;Dataset&gt;AllPollardXX&lt;/Dataset&gt;&lt;DatasetType&gt;esriDTFeatureClass&lt;/DatasetType&gt;&lt;/CIMStandardDataConnection&gt;" &lt;operationSequence&gt;&lt;workflow&gt;&lt;DeleteField&gt;&lt;field_name&gt;GEOMETRY_Length&lt;/field_name&gt;&lt;field_name&gt;GEOMETRY_Area&lt;/field_name&gt;&lt;/DeleteField&gt;&lt;/workflow&gt;&lt;/operationSequence&gt;</Process><Process ToolSource="c:\program files\arcgis\pro\Resources\ArcToolbox\Toolboxes\Data Management Tools.tbx\UpdateSchema" Date="20220316" Time="104419">UpdateSchema "CIMDATA=&lt;CIMStandardDataConnection xsi:type='typens:CIMStandardDataConnection' xmlns:xsi='http://www.w3.org/2001/XMLSchema-instance' xmlns:xs='http://www.w3.org/2001/XMLSchema' xmlns:typens='http://www.esri.com/schemas/ArcGIS/2.9.0'&gt;&lt;WorkspaceConnectionString&gt;DATABASE=C:\Users\rdrennan\Documents\ArcGIS\Projects\Internal SARA Steel TB Mapper\Internal SARA Steel TB Mapper.gdb&lt;/WorkspaceConnectionString&gt;&lt;WorkspaceFactory&gt;FileGDB&lt;/WorkspaceFactory&gt;&lt;Dataset&gt;AllPollardXX&lt;/Dataset&gt;&lt;DatasetType&gt;esriDTFeatureClass&lt;/DatasetType&gt;&lt;/CIMStandardDataConnection&gt;" &lt;operationSequence&gt;&lt;workflow&gt;&lt;DeleteField&gt;&lt;field_name&gt;GEOMETRY_Length&lt;/field_name&gt;&lt;/DeleteField&gt;&lt;/workflow&gt;&lt;/operationSequence&gt;</Process><Process ToolSource="c:\program files\arcgis\pro\Resources\ArcToolbox\Toolboxes\Data Management Tools.tbx\UpdateSchema" Date="20220316" Time="104434">UpdateSchema "CIMDATA=&lt;CIMStandardDataConnection xsi:type='typens:CIMStandardDataConnection' xmlns:xsi='http://www.w3.org/2001/XMLSchema-instance' xmlns:xs='http://www.w3.org/2001/XMLSchema' xmlns:typens='http://www.esri.com/schemas/ArcGIS/2.9.0'&gt;&lt;WorkspaceConnectionString&gt;DATABASE=C:\Users\rdrennan\Documents\ArcGIS\Projects\Internal SARA Steel TB Mapper\Internal SARA Steel TB Mapper.gdb&lt;/WorkspaceConnectionString&gt;&lt;WorkspaceFactory&gt;FileGDB&lt;/WorkspaceFactory&gt;&lt;Dataset&gt;AllPollardXX&lt;/Dataset&gt;&lt;DatasetType&gt;esriDTFeatureClass&lt;/DatasetType&gt;&lt;/CIMStandardDataConnection&gt;" &lt;operationSequence&gt;&lt;workflow&gt;&lt;DeleteField&gt;&lt;field_name&gt;GEOMETRY_Length&lt;/field_name&gt;&lt;field_name&gt;GEOMETRY_Area&lt;/field_name&gt;&lt;/DeleteField&gt;&lt;/workflow&gt;&lt;/operationSequence&gt;</Process><Process ToolSource="c:\program files\arcgis\pro\Resources\ArcToolbox\Toolboxes\Data Management Tools.tbx\UpdateSchema" Date="20220316" Time="104442">UpdateSchema "CIMDATA=&lt;CIMStandardDataConnection xsi:type='typens:CIMStandardDataConnection' xmlns:xsi='http://www.w3.org/2001/XMLSchema-instance' xmlns:xs='http://www.w3.org/2001/XMLSchema' xmlns:typens='http://www.esri.com/schemas/ArcGIS/2.9.0'&gt;&lt;WorkspaceConnectionString&gt;DATABASE=C:\Users\rdrennan\Documents\ArcGIS\Projects\Internal SARA Steel TB Mapper\Internal SARA Steel TB Mapper.gdb&lt;/WorkspaceConnectionString&gt;&lt;WorkspaceFactory&gt;FileGDB&lt;/WorkspaceFactory&gt;&lt;Dataset&gt;AllPollardXX&lt;/Dataset&gt;&lt;DatasetType&gt;esriDTFeatureClass&lt;/DatasetType&gt;&lt;/CIMStandardDataConnection&gt;" &lt;operationSequence&gt;&lt;workflow&gt;&lt;DeleteField&gt;&lt;field_name&gt;GEOMETRY_Length&lt;/field_name&gt;&lt;/DeleteField&gt;&lt;/workflow&gt;&lt;/operationSequence&gt;</Process><Process ToolSource="c:\program files\arcgis\pro\Resources\ArcToolbox\Toolboxes\Data Management Tools.tbx\UpdateSchema" Date="20220316" Time="104449">UpdateSchema "CIMDATA=&lt;CIMStandardDataConnection xsi:type='typens:CIMStandardDataConnection' xmlns:xsi='http://www.w3.org/2001/XMLSchema-instance' xmlns:xs='http://www.w3.org/2001/XMLSchema' xmlns:typens='http://www.esri.com/schemas/ArcGIS/2.9.0'&gt;&lt;WorkspaceConnectionString&gt;DATABASE=C:\Users\rdrennan\Documents\ArcGIS\Projects\Internal SARA Steel TB Mapper\Internal SARA Steel TB Mapper.gdb&lt;/WorkspaceConnectionString&gt;&lt;WorkspaceFactory&gt;FileGDB&lt;/WorkspaceFactory&gt;&lt;Dataset&gt;AllPollardXX&lt;/Dataset&gt;&lt;DatasetType&gt;esriDTFeatureClass&lt;/DatasetType&gt;&lt;/CIMStandardDataConnection&gt;" &lt;operationSequence&gt;&lt;workflow&gt;&lt;DeleteField&gt;&lt;field_name&gt;GEOMETRY_Length&lt;/field_name&gt;&lt;/DeleteField&gt;&lt;/workflow&gt;&lt;/operationSequence&gt;</Process><Process ToolSource="c:\program files\arcgis\pro\Resources\ArcToolbox\toolboxes\Conversion Tools.tbx\FeatureClassToFeatureClass" Date="20220316" Time="104711">FeatureClassToFeatureClass "C:\Users\rdrennan\Documents\ArcGIS\Projects\Internal SARA Steel TB Mapper\Internal SARA Steel TB Mapper.gdb\AllPollardXX" "C:\Users\rdrennan\Dropbox (Salmon Watersheds)\X Drive\1_PROJECTS\1_Active\Steelhead\Data &amp; Analysis\CUs\Pollard_Jan2022" Pollard_Matched_CUs.shp # "GEOMETRY_Length "GEOMETRY_Length" true true true 8 Double 0 0,First,#,C:\Users\rdrennan\Documents\ArcGIS\Projects\Internal SARA Steel TB Mapper\Internal SARA Steel TB Mapper.gdb\AllPollardXX,GEOMETRY_Length,-1,-1;GEOMETRY_Area "GEOMETRY_Area" true true true 8 Double 0 0,First,#,C:\Users\rdrennan\Documents\ArcGIS\Projects\Internal SARA Steel TB Mapper\Internal SARA Steel TB Mapper.gdb\AllPollardXX,GEOMETRY_Area,-1,-1;CU_Matched "CU_Matched" true true false 255 Text 0 0,First,#,C:\Users\rdrennan\Documents\ArcGIS\Projects\Internal SARA Steel TB Mapper\Internal SARA Steel TB Mapper.gdb\AllPollardXX,CU_Matched,0,255;Shape_Length "Shape_Length" false true true 8 Double 0 0,First,#,C:\Users\rdrennan\Documents\ArcGIS\Projects\Internal SARA Steel TB Mapper\Internal SARA Steel TB Mapper.gdb\AllPollardXX,Shape_Length,-1,-1;Shape_Area "Shape_Area" false true true 8 Double 0 0,First,#,C:\Users\rdrennan\Documents\ArcGIS\Projects\Internal SARA Steel TB Mapper\Internal SARA Steel TB Mapper.gdb\AllPollardXX,Shape_Area,-1,-1" #</Process></lineage></DataProperties></Esri><idinfo><native Sync="TRUE">Microsoft Windows 2000 Version 5.0 (Build 2195) Service Pack 4; ESRI ArcCatalog 9.2.6.1500</native><descript><langdata Sync="TRUE">en</langdata><abstract>REQUIRED: A brief narrative summary of the data set.</abstract><purpose>REQUIRED: A summary of the intentions with which the data set was developed.</purpose></descript><citation><citeinfo><origin>REQUIRED: The name of an organization or individual that developed the data set.</origin><pubdate>REQUIRED: The date when the data set is published or otherwise made available for release.</pubdate><title Sync="TRUE">WHSE_BASEMAPPING.FWA_ASSESSMENT_WATERSHEDS_POLY</title><ftname Sync="TRUE">WHSE_BASEMAPPING.FWA_ASSESSMENT_WATERSHEDS_POLY</ftname><geoform Sync="TRUE">vector digital data</geoform><onlink Sync="TRUE">Server=slkux1.env.gov.bc.ca; Service=idwprod1; User=whse_basemapping; Version=SDE.DEFAULT</onlink></citeinfo></citation><timeperd><current>REQUIRED: The basis on which the time period of content information is determined.</current><timeinfo><sngdate><caldate>REQUIRED: The year (and optionally month, or month and day) for which the data set corresponds to the ground.</caldate></sngdate></timeinfo></timeperd><status><progress>REQUIRED: The state of the data set.</progress><update>REQUIRED: The frequency with which changes and additions are made to the data set after the initial data set is completed.</update></status><spdom><bounding><westbc Sync="TRUE">-140.579964</westbc><eastbc Sync="TRUE">-109.658218</eastbc><northbc Sync="TRUE">61.184641</northbc><southbc Sync="TRUE">47.033064</southbc></bounding><lboundng><leftbc Sync="TRUE">200000.000000</leftbc><rightbc Sync="TRUE">1900000.000000</rightbc><bottombc Sync="TRUE">300000.000000</bottombc><topbc Sync="TRUE">1800000.000000</topbc></lboundng></spdom><keywords><theme><themekt>REQUIRED: Reference to a formally registered thesaurus or a similar authoritative source of theme keywords.</themekt><themekey>REQUIRED: Common-use word or phrase used to describe the subject of the data set.</themekey></theme></keywords><accconst>REQUIRED: Restrictions and legal prerequisites for accessing the data set.</accconst><useconst>REQUIRED: Restrictions and legal prerequisites for using the data set after access is granted.</useconst><natvform Sync="TRUE">SDE Feature Class</natvform></idinfo><dataIdInfo><envirDesc Sync="TRUE">Microsoft Windows 10 Version 10.0 (Build 19042) ; Esri ArcGIS 12.9.0.32739</envirDesc><dataLang><languageCode Sync="TRUE" value="eng"></languageCode><countryCode value="CAN" Sync="TRUE"></countryCode></dataLang><idCitation><resTitle Sync="TRUE">Pollard_Matched_CUs</resTitle><presForm><PresFormCd Sync="TRUE" value="005"></PresFormCd></presForm></idCitation><spatRpType><SpatRepTypCd Sync="TRUE" value="001"></SpatRepTypCd></spatRpType><dataExt><geoEle><GeoBndBox esriExtentType="native"><westBL Sync="TRUE">200000</westBL><eastBL Sync="TRUE">1900000</eastBL><northBL Sync="TRUE">1800000</northBL><southBL Sync="TRUE">300000</southBL><exTypeCode Sync="TRUE">1</exTypeCode></GeoBndBox></geoEle></dataExt><geoBox esriExtentType="decdegrees"><westBL Sync="TRUE">-140.579964</westBL><eastBL Sync="TRUE">-109.658218</eastBL><northBL Sync="TRUE">61.184641</northBL><southBL Sync="TRUE">47.033064</southBL><exTypeCode Sync="TRUE">1</exTypeCode></geoBox><dataExt><geoEle><GeoBndBox esriExtentType="search"><exTypeCode Sync="TRUE">1</exTypeCode><westBL Sync="TRUE">-139.062384</westBL><eastBL Sync="TRUE">-110.425927</eastBL><northBL Sync="TRUE">60.605462</northBL><southBL Sync="TRUE">47.680403</southBL></GeoBndBox></geoEle></dataExt></dataIdInfo><metainfo><langmeta Sync="TRUE">en</langmeta><metstdn Sync="TRUE">FGDC Content Standards for Digital Geospatial Metadata</metstdn><metstdv Sync="TRUE">FGDC-STD-001-1998</metstdv><mettc Sync="TRUE">local time</mettc><metc><cntinfo><cntorgp><cntper>REQUIRED: The person responsible for the metadata information.</cntper><cntorg>REQUIRED: The organization responsible for the metadata information.</cntorg></cntorgp><cntaddr><addrtype>REQUIRED: The mailing and/or physical address for the organization or individual.</addrtype><city>REQUIRED: The city of the address.</city><state>REQUIRED: The state or province of the address.</state><postal>REQUIRED: The ZIP or other postal code of the address.</postal></cntaddr><cntvoice>REQUIRED: The telephone number by which individuals can speak to the organization or individual.</cntvoice></cntinfo></metc><metd Sync="TRUE">20090721</metd></metainfo><mdLang><languageCode Sync="TRUE" value="eng"></languageCode><countryCode value="CAN" Sync="TRUE"></countryCode></mdLang><mdStanName Sync="TRUE">ISO 19115 Geographic Information - Metadata</mdStanName><mdStanVer Sync="TRUE">DIS_ESRI1.0</mdStanVer><mdChar><CharSetCd Sync="TRUE" value="004"></CharSetCd></mdChar><mdHrLv><ScopeCd Sync="TRUE" value="005"></ScopeCd></mdHrLv><mdHrLvName Sync="TRUE">dataset</mdHrLvName><distinfo><resdesc Sync="TRUE">Downloadable Data</resdesc></distinfo><distInfo><distributor><distorTran><onLineSrc><orDesc Sync="TRUE">002</orDesc><linkage Sync="TRUE">Server=slkux1.env.gov.bc.ca; Service=idwprod1; User=whse_basemapping; Version=SDE.DEFAULT</linkage><protocol Sync="TRUE">ArcSDE Connection</protocol></onLineSrc></distorTran><distorFormat><formatName Sync="TRUE">SDE Feature Class</formatName></distorFormat></distributor><distFormat><formatName Sync="TRUE">Shapefile</formatName></distFormat><distTranOps><transSize Sync="TRUE">0.000</transSize></distTranOps></distInfo><spdoinfo><direct Sync="TRUE">Vector</direct><ptvctinf><esriterm Name="Pollard_Matched_CUs"><efeatyp Sync="TRUE">Simple</efeatyp><efeageom code="4" Sync="TRUE"></efeageom><esritopo Sync="TRUE">FALSE</esritopo><efeacnt Sync="TRUE">0</efeacnt><spindex Sync="TRUE">FALSE</spindex><linrefer Sync="TRUE">FALSE</linrefer></esriterm></ptvctinf></spdoinfo><spref><horizsys><cordsysn><geogcsn Sync="TRUE">GCS_North_American_1983</geogcsn><projcsn Sync="TRUE">PCS_Albers</projcsn></cordsysn><planar><planci><plance Sync="TRUE">coordinate pair</plance><plandu Sync="TRUE">meters</plandu><coordrep><absres Sync="TRUE">0.001000</absres><ordres Sync="TRUE">0.001000</ordres></coordrep></planci></planar><geodetic><horizdn Sync="TRUE">North American Datum of 1983</horizdn><ellips Sync="TRUE">Geodetic Reference System 80</ellips><semiaxis Sync="TRUE">6378137.000000</semiaxis><denflat Sync="TRUE">298.257222</denflat></geodetic></horizsys><vertdef><altsys><altenc Sync="TRUE">Explicit elevation coordinate included with horizontal coordinates</altenc><altres Sync="TRUE">0.001000</altres></altsys></vertdef></spref><refSysInfo><RefSystem><refSysID><identCode Sync="TRUE" value="0" code="0">PCS_Albers</identCode></refSysID></RefSystem></refSysInfo><spatRepInfo><VectSpatRep><geometObjs Name="Pollard_Matched_CUs"><geoObjTyp><GeoObjTypCd value="002" Sync="TRUE"></GeoObjTypCd></geoObjTyp><geoObjCnt Sync="TRUE">0</geoObjCnt></geometObjs><topLvl><TopoLevCd value="001" Sync="TRUE"></TopoLevCd></topLvl></VectSpatRep></spatRepInfo><eainfo><detailed Name="Pollard_Matched_CUs"><enttyp><enttypl Sync="TRUE">Pollard_Matched_CUs</enttypl><enttypt Sync="TRUE">Feature Class</enttypt><enttypc Sync="TRUE">0</enttypc></enttyp><attr><attrlabl Sync="TRUE">FID</attrlabl><attalias Sync="TRUE">FID</attalias><attrtype Sync="TRUE">OID</attrtype><attwidth Sync="TRUE">4</attwidth><atprecis Sync="TRUE">0</atprecis><attscale Sync="TRUE">0</attscale><attrdef Sync="TRUE">Internal feature number.</attrdef><attrdefs Sync="TRUE">Esri</attrdefs><attrdomv><udom Sync="TRUE">Sequential unique whole numbers that are automatically generated.</udom></attrdomv></attr><attr><attrlabl Sync="TRUE">Shape</attrlabl><attalias Sync="TRUE">Shape</attalias><attrtype Sync="TRUE">Geometry</attrtype><attwidth Sync="TRUE">0</attwidth><atprecis Sync="TRUE">0</atprecis><attscale Sync="TRUE">0</attscale><attrdef Sync="TRUE">Feature geometry.</attrdef><attrdefs Sync="TRUE">Esri</attrdefs><attrdomv><udom Sync="TRUE">Coordinates defining the features.</udom></attrdomv></attr><attr><attrlabl Sync="TRUE">GEOMETRY_L</attrlabl><attalias Sync="TRUE">GEOMETRY_L</attalias><attrtype Sync="TRUE">Double</attrtype><attwidth Sync="TRUE">19</attwidth><atprecis Sync="TRUE">0</atprecis><attscale Sync="TRUE">0</attscale></attr><attr><attrlabl Sync="TRUE">GEOMETRY_A</attrlabl><attalias Sync="TRUE">GEOMETRY_A</attalias><attrtype Sync="TRUE">Double</attrtype><attwidth Sync="TRUE">19</attwidth><atprecis Sync="TRUE">0</atprecis><attscale Sync="TRUE">0</attscale></attr><attr><attrlabl Sync="TRUE">CU_Matched</attrlabl><attalias Sync="TRUE">CU_Matched</attalias><attrtype Sync="TRUE">String</attrtype><attwidth Sync="TRUE">254</attwidth><atprecis Sync="TRUE">0</atprecis><attscale Sync="TRUE">0</attscale></attr><attr><attrlabl Sync="TRUE">Shape_Leng</attrlabl><attalias Sync="TRUE">Shape_Leng</attalias><attrtype Sync="TRUE">Double</attrtype><attwidth Sync="TRUE">19</attwidth><atprecis Sync="TRUE">0</atprecis><attscale Sync="TRUE">0</attscale></attr><attr><attrlabl Sync="TRUE">Shape_Area</attrlabl><attalias Sync="TRUE">Shape_Area</attalias><attrtype Sync="TRUE">Double</attrtype><attwidth Sync="TRUE">19</attwidth><atprecis Sync="TRUE">0</atprecis><attscale Sync="TRUE">0</attscale><attrdef Sync="TRUE">Area of feature in internal units squared.</attrdef><attrdefs Sync="TRUE">Esri</attrdefs><attrdomv><udom Sync="TRUE">Positive real numbers that are automatically generated.</udom></attrdomv></attr></detailed></eainfo><mdDateSt Sync="TRUE">20220316</mdDateSt></metadata>
