<metadata xml:lang="en"><Esri><CreaDate>20220131</CreaDate><CreaTime>10492600</CreaTime><ArcGISFormat>1.0</ArcGISFormat><SyncOnce>FALSE</SyncOnce><DataProperties><itemProps><itemName Sync="TRUE">Park05_CUs_matched_diss</itemName><imsContentType Sync="TRUE">002</imsContentType><itemLocation><linkage Sync="TRUE">file://\\PSF-LAP31\C$\Users\rdrennan\Dropbox (Salmon Watersheds)\X Drive\1_PROJECTS\1_Active\Steelhead\Data &amp; Analysis\CUs\Parkinson2005CUs\Park05_CUs_matched_diss.shp</linkage><protocol Sync="TRUE">Local Area Network</protocol></itemLocation><itemSize Sync="TRUE">0.000</itemSize></itemProps><coordRef><type Sync="TRUE">Projected</type><geogcsn Sync="TRUE">GCS_North_American_1983</geogcsn><csUnits Sync="TRUE">Linear Unit: Meter (1.000000)</csUnits><projcsn Sync="TRUE">NAD_1983_Albers</projcsn><peXml Sync="TRUE">&lt;ProjectedCoordinateSystem xsi:type='typens:ProjectedCoordinateSystem' xmlns:xsi='http://www.w3.org/2001/XMLSchema-instance' xmlns:xs='http://www.w3.org/2001/XMLSchema' xmlns:typens='http://www.esri.com/schemas/ArcGIS/2.9.0'&gt;&lt;WKT&gt;PROJCS[&amp;quot;NAD_1983_Albers&amp;quot;,GEOGCS[&amp;quot;GCS_North_American_1983&amp;quot;,DATUM[&amp;quot;D_North_American_1983&amp;quot;,SPHEROID[&amp;quot;GRS_1980&amp;quot;,6378137.0,298.257222101]],PRIMEM[&amp;quot;Greenwich&amp;quot;,0.0],UNIT[&amp;quot;Degree&amp;quot;,0.0174532925199433]],PROJECTION[&amp;quot;Albers&amp;quot;],PARAMETER[&amp;quot;False_Easting&amp;quot;,1000000.0],PARAMETER[&amp;quot;False_Northing&amp;quot;,0.0],PARAMETER[&amp;quot;Central_Meridian&amp;quot;,-126.0],PARAMETER[&amp;quot;Standard_Parallel_1&amp;quot;,50.0],PARAMETER[&amp;quot;Standard_Parallel_2&amp;quot;,58.5],PARAMETER[&amp;quot;Latitude_Of_Origin&amp;quot;,45.0],UNIT[&amp;quot;Meter&amp;quot;,1.0]]&lt;/WKT&gt;&lt;XOrigin&gt;-13239300&lt;/XOrigin&gt;&lt;YOrigin&gt;-8610100&lt;/YOrigin&gt;&lt;XYScale&gt;316279566.22660488&lt;/XYScale&gt;&lt;ZOrigin&gt;-100000&lt;/ZOrigin&gt;&lt;ZScale&gt;10000&lt;/ZScale&gt;&lt;MOrigin&gt;-100000&lt;/MOrigin&gt;&lt;MScale&gt;10000&lt;/MScale&gt;&lt;XYTolerance&gt;0.001&lt;/XYTolerance&gt;&lt;ZTolerance&gt;0.001&lt;/ZTolerance&gt;&lt;MTolerance&gt;0.001&lt;/MTolerance&gt;&lt;HighPrecision&gt;true&lt;/HighPrecision&gt;&lt;/ProjectedCoordinateSystem&gt;</peXml></coordRef><lineage><Process ToolSource="c:\program files\arcgis\pro\Resources\ArcToolbox\toolboxes\Conversion Tools.tbx\FeatureClassToFeatureClass" Date="20220131" Time="104927">FeatureClassToFeatureClass sthd05 "C:\Users\rdrennan\Documents\ArcGIS\Projects\Internal SARA Steel TB Mapper\Internal SARA Steel TB Mapper.gdb" Sthd05 # "STOCKNOTRI "STOCKNOTRI" true true false 50 Text 0 0,First,#,sthd05,STOCKNOTRI,0,50;COUNT "COUNT" true true false 11 Double 0 11,First,#,sthd05,COUNT,-1,-1;SUM_O_AREA "SUM_O_AREA" true true false 18 Double 4 17,First,#,sthd05,SUM_O_AREA,-1,-1;MAX_L_ORDE "MAX_L_ORDE" true true false 6 Long 0 6,First,#,sthd05,MAX_L_ORDE,-1,-1;FIRST_DRAI "FIRST_DRAI" true true false 50 Text 0 0,First,#,sthd05,FIRST_DRAI,0,50;FIRST_SUB_ "FIRST_SUB_" true true false 50 Text 0 0,First,#,sthd05,FIRST_SUB_,0,50;FIRST_STAT "FIRST_STAT" true true false 6 Text 0 0,First,#,sthd05,FIRST_STAT,0,6;FIRST_SELS "FIRST_SELS" true true false 30 Text 0 0,First,#,sthd05,FIRST_SELS,0,30" #</Process><Process ToolSource="c:\program files\arcgis\pro\Resources\ArcToolbox\toolboxes\Conversion Tools.tbx\FeatureClassToFeatureClass" Date="20220315" Time="160542">FeatureClassToFeatureClass Steelhead\Parkinson05CUS_Sthd05 "C:\Users\rdrennan\Documents\ArcGIS\Projects\Internal SARA Steel TB Mapper\Internal SARA Steel TB Mapper.gdb" missingVIES # "STOCKNOTRI "STOCKNOTRI" true true false 50 Text 0 0,First,#,Steelhead\Parkinson05CUS_Sthd05,STOCKNOTRI,0,50;COUNT "COUNT" true true false 8 Double 0 0,First,#,Steelhead\Parkinson05CUS_Sthd05,COUNT,-1,-1;SUM_O_AREA "SUM_O_AREA" true true false 8 Double 0 0,First,#,Steelhead\Parkinson05CUS_Sthd05,SUM_O_AREA,-1,-1;MAX_L_ORDE "MAX_L_ORDE" true true false 4 Long 0 0,First,#,Steelhead\Parkinson05CUS_Sthd05,MAX_L_ORDE,-1,-1;FIRST_DRAI "FIRST_DRAI" true true false 50 Text 0 0,First,#,Steelhead\Parkinson05CUS_Sthd05,FIRST_DRAI,0,50;FIRST_SUB_ "FIRST_SUB_" true true false 50 Text 0 0,First,#,Steelhead\Parkinson05CUS_Sthd05,FIRST_SUB_,0,50;FIRST_STAT "FIRST_STAT" true true false 6 Text 0 0,First,#,Steelhead\Parkinson05CUS_Sthd05,FIRST_STAT,0,6;FIRST_SELS "FIRST_SELS" true true false 30 Text 0 0,First,#,Steelhead\Parkinson05CUS_Sthd05,FIRST_SELS,0,30;Shape_Length "Shape_Length" false true true 8 Double 0 0,First,#,Steelhead\Parkinson05CUS_Sthd05,Shape_Length,-1,-1;Shape_Area "Shape_Area" false true true 8 Double 0 0,First,#,Steelhead\Parkinson05CUS_Sthd05,Shape_Area,-1,-1" #</Process><Process ToolSource="c:\program files\arcgis\pro\Resources\ArcToolbox\toolboxes\Data Management Tools.tbx\Merge" Date="20220315" Time="160633">Merge missingVIES;Steelhead\Park05_CU_matched "C:\Users\rdrennan\Documents\ArcGIS\Projects\Internal SARA Steel TB Mapper\Internal SARA Steel TB Mapper.gdb\missingVIES_Merge" "STOCKNOTRI "STOCKNOTRI" true true false 50 Text 0 0,First,#,missingVIES,STOCKNOTRI,0,50,Steelhead\Park05_CU_matched,STOCKNOTRI,0,50;COUNT "COUNT" true true false 8 Double 0 0,First,#,missingVIES,COUNT,-1,-1,Steelhead\Park05_CU_matched,COUNT,-1,-1;SUM_O_AREA "SUM_O_AREA" true true false 8 Double 0 0,First,#,missingVIES,SUM_O_AREA,-1,-1,Steelhead\Park05_CU_matched,SUM_O_AREA,-1,-1;MAX_L_ORDE "MAX_L_ORDE" true true false 4 Long 0 0,First,#,missingVIES,MAX_L_ORDE,-1,-1,Steelhead\Park05_CU_matched,MAX_L_ORDE,-1,-1;FIRST_DRAI "FIRST_DRAI" true true false 50 Text 0 0,First,#,missingVIES,FIRST_DRAI,0,50,Steelhead\Park05_CU_matched,FIRST_DRAI,0,50;FIRST_SUB_ "FIRST_SUB_" true true false 50 Text 0 0,First,#,missingVIES,FIRST_SUB_,0,50,Steelhead\Park05_CU_matched,FIRST_SUB_,0,50;FIRST_STAT "FIRST_STAT" true true false 6 Text 0 0,First,#,missingVIES,FIRST_STAT,0,6,Steelhead\Park05_CU_matched,FIRST_STAT,0,6;FIRST_SELS "FIRST_SELS" true true false 30 Text 0 0,First,#,missingVIES,FIRST_SELS,0,30,Steelhead\Park05_CU_matched,FIRST_SELS,0,30;Shape_Length "Shape_Length" false true true 8 Double 0 0,First,#,missingVIES,Shape_Length,-1,-1,Steelhead\Park05_CU_matched,Shape_Length,-1,-1;Shape_Area "Shape_Area" false true true 8 Double 0 0,First,#,missingVIES,Shape_Area,-1,-1,Steelhead\Park05_CU_matched,Shape_Area,-1,-1;CU_Match "CU_Match" true true false 255 Text 0 0,First,#,Steelhead\Park05_CU_matched,CU_Match,0,255;Parkinson "Parkinson" true true false 255 Text 0 0,First,#,Steelhead\Park05_CU_matched,Parkinson,0,255;Pollard "Pollard" true true false 255 Text 0 0,First,#,Steelhead\Park05_CU_matched,Pollard,0,255" NO_SOURCE_INFO</Process><Process ToolSource="c:\program files\arcgis\pro\Resources\ArcToolbox\toolboxes\Data Management Tools.tbx\CalculateField" Date="20220315" Time="161354">CalculateField missingVIES_Merge Parkinson !CU_Match! "Python 3" # Text NO_ENFORCE_DOMAINS</Process><Process ToolSource="c:\program files\arcgis\pro\Resources\ArcToolbox\toolboxes\Data Management Tools.tbx\Dissolve" Date="20220315" Time="161457">Dissolve missingVIES_Merge "C:\Users\rdrennan\Documents\ArcGIS\Projects\Internal SARA Steel TB Mapper\Internal SARA Steel TB Mapper.gdb\Parkinson05_CU_diss" CU_Match # MULTI_PART DISSOLVE_LINES</Process><Process ToolSource="c:\program files\arcgis\pro\Resources\ArcToolbox\toolboxes\Conversion Tools.tbx\FeatureClassToFeatureClass" Date="20220315" Time="161635">FeatureClassToFeatureClass Parkinson05_CU_diss "C:\Users\rdrennan\Dropbox (Salmon Watersheds)\X Drive\1_PROJECTS\1_Active\Steelhead\Data &amp; Analysis\CUs\Parkinson2005CUs" Park05_CUs_matched_diss.shp # "CU_Match "CU_Match" true true false 255 Text 0 0,First,#,Parkinson05_CU_diss,CU_Match,0,255;Shape_Length "Shape_Length" false true true 8 Double 0 0,First,#,Parkinson05_CU_diss,Shape_Length,-1,-1;Shape_Area "Shape_Area" false true true 8 Double 0 0,First,#,Parkinson05_CU_diss,Shape_Area,-1,-1" #</Process></lineage></DataProperties><SyncDate>20220315</SyncDate><SyncTime>16163500</SyncTime><ModDate>20220315</ModDate><ModTime>16163500</ModTime></Esri><dataIdInfo><envirDesc Sync="TRUE">Microsoft Windows 10 Version 10.0 (Build 19042) ; Esri ArcGIS 12.9.0.32739</envirDesc><dataLang><languageCode value="eng" Sync="TRUE"></languageCode><countryCode value="CAN" Sync="TRUE"></countryCode></dataLang><idCitation><resTitle Sync="TRUE">Park05_CUs_matched_diss</resTitle><presForm><PresFormCd value="005" Sync="TRUE"></PresFormCd></presForm></idCitation><spatRpType><SpatRepTypCd value="001" Sync="TRUE"></SpatRepTypCd></spatRpType></dataIdInfo><mdLang><languageCode value="eng" Sync="TRUE"></languageCode><countryCode value="CAN" Sync="TRUE"></countryCode></mdLang><distInfo><distFormat><formatName Sync="TRUE">Shapefile</formatName></distFormat><distTranOps><transSize Sync="TRUE">0.000</transSize></distTranOps></distInfo><mdHrLv><ScopeCd value="005" Sync="TRUE"></ScopeCd></mdHrLv><mdHrLvName Sync="TRUE">dataset</mdHrLvName><refSysInfo><RefSystem><refSysID><identCode code="0" Sync="TRUE"></identCode></refSysID></RefSystem></refSysInfo><spatRepInfo><VectSpatRep><geometObjs Name="Park05_CUs_matched_diss"><geoObjTyp><GeoObjTypCd value="002" Sync="TRUE"></GeoObjTypCd></geoObjTyp><geoObjCnt Sync="TRUE">0</geoObjCnt></geometObjs><topLvl><TopoLevCd value="001" Sync="TRUE"></TopoLevCd></topLvl></VectSpatRep></spatRepInfo><spdoinfo><ptvctinf><esriterm Name="Park05_CUs_matched_diss"><efeatyp Sync="TRUE">Simple</efeatyp><efeageom code="4" Sync="TRUE"></efeageom><esritopo Sync="TRUE">FALSE</esritopo><efeacnt Sync="TRUE">0</efeacnt><spindex Sync="TRUE">FALSE</spindex><linrefer Sync="TRUE">FALSE</linrefer></esriterm></ptvctinf></spdoinfo><eainfo><detailed Name="Park05_CUs_matched_diss"><enttyp><enttypl Sync="TRUE">Park05_CUs_matched_diss</enttypl><enttypt Sync="TRUE">Feature Class</enttypt><enttypc Sync="TRUE">0</enttypc></enttyp><attr><attrlabl Sync="TRUE">FID</attrlabl><attalias Sync="TRUE">FID</attalias><attrtype Sync="TRUE">OID</attrtype><attwidth Sync="TRUE">4</attwidth><atprecis Sync="TRUE">0</atprecis><attscale Sync="TRUE">0</attscale><attrdef Sync="TRUE">Internal feature number.</attrdef><attrdefs Sync="TRUE">Esri</attrdefs><attrdomv><udom Sync="TRUE">Sequential unique whole numbers that are automatically generated.</udom></attrdomv></attr><attr><attrlabl Sync="TRUE">Shape</attrlabl><attalias Sync="TRUE">Shape</attalias><attrtype Sync="TRUE">Geometry</attrtype><attwidth Sync="TRUE">0</attwidth><atprecis Sync="TRUE">0</atprecis><attscale Sync="TRUE">0</attscale><attrdef Sync="TRUE">Feature geometry.</attrdef><attrdefs Sync="TRUE">Esri</attrdefs><attrdomv><udom Sync="TRUE">Coordinates defining the features.</udom></attrdomv></attr><attr><attrlabl Sync="TRUE">CU_Match</attrlabl><attalias Sync="TRUE">CU_Match</attalias><attrtype Sync="TRUE">String</attrtype><attwidth Sync="TRUE">254</attwidth><atprecis Sync="TRUE">0</atprecis><attscale Sync="TRUE">0</attscale></attr><attr><attrlabl Sync="TRUE">Shape_Leng</attrlabl><attalias Sync="TRUE">Shape_Leng</attalias><attrtype Sync="TRUE">Double</attrtype><attwidth Sync="TRUE">19</attwidth><atprecis Sync="TRUE">0</atprecis><attscale Sync="TRUE">0</attscale></attr><attr><attrlabl Sync="TRUE">Shape_Area</attrlabl><attalias Sync="TRUE">Shape_Area</attalias><attrtype Sync="TRUE">Double</attrtype><attwidth Sync="TRUE">19</attwidth><atprecis Sync="TRUE">0</atprecis><attscale Sync="TRUE">0</attscale><attrdef Sync="TRUE">Area of feature in internal units squared.</attrdef><attrdefs Sync="TRUE">Esri</attrdefs><attrdomv><udom Sync="TRUE">Positive real numbers that are automatically generated.</udom></attrdomv></attr></detailed></eainfo><mdDateSt Sync="TRUE">20220315</mdDateSt></metadata>
